X1	X2	X3	X4	X5	X6
1	chr1:6221317:C:T	6221317	T	C	-0.00564313821028918
1	chr1:6441736:T:C	6441736	C	T	-0.0013730010343715549
1	chr1:13914201:C:T	13914201	T	C	-0.0031788656814023854
1	chr1:15079411:A:G	15079411	G	A	-0.0032052133278921246
1	chr1:16054087:C:T	16054087	T	C	0.0034226737497374416
1	chr1:19260077:T:C	19260077	C	T	0.0011436259606853127
1	chr1:20657370:C:A	20657370	A	C	-6.953159580007195e-4
1	chr1:25012729:G:A	25012729	A	G	-0.002371530826203525
1	chr1:29759840:T:G	29759840	G	T	0.0045524807227775455
1	chr1:37422144:G:A	37422144	A	G	-0.003662068215198815
1	chr1:38035515:C:T	38035515	T	C	-0.005890458328649401
1	chr1:40456705:C:T	40456705	T	C	-0.002601382709108293
1	chr1:43252407:A:G	43252407	G	A	0.0015324716363102197
1	chr1:46341031:A:G	46341031	G	A	7.426158804446459e-4
1	chr1:55464789:G:A	55464789	A	G	-0.00620171878952533
1	chr1:55524077:T:C	55524077	C	T	-0.009828296382911503
1	chr1:55856116:A:G	55856116	G	A	0.006618734993971884
1	chr1:61105720:T:C	61105720	C	T	0.003223429950885475
1	chr1:64075861:G:A	64075861	A	G	-0.005767632308416069
1	chr1:65413569:A:G	65413569	G	A	-0.0030385958729311825
1	chr1:70029794:G:A	70029794	A	G	3.393867565318942e-4
1	chr1:70350880:A:G	70350880	G	A	-0.006697988668456674
1	chr1:70607853:G:T	70607853	T	G	-0.00974159141536802
1	chr1:71579943:T:C	71579943	C	T	-0.002520558014512062
1	chr1:72243359:G:A	72243359	A	G	-0.0034812915371730925
1	chr1:75575432:G:A	75575432	A	G	0.00883089320268482
1	chr1:76633553:G:A	76633553	A	G	0.002515883632004261
1	chr1:77260556:C:T	77260556	T	C	0.009804931585676968
1	chr1:77272697:G:T	77272697	T	G	0.008121687010861934
1	chr1:77303093:A:G	77303093	G	A	-0.004155628378503025
1	chr1:81627417:A:C	81627417	C	A	-0.0035582363372668622
1	chr1:84842379:C:T	84842379	T	C	0.00258206348400563
1	chr1:91730044:G:A	91730044	A	G	-0.006245322786271572
1	chr1:92046822:A:G	92046822	G	A	0.009555847439914942
1	chr1:94424862:G:T	94424862	T	G	0.005409608311019838
1	chr1:95244773:A:G	95244773	G	A	-5.138562573119998e-4
1	chr1:99716895:T:G	99716895	G	T	0.004523208504542709
1	chr1:101267977:C:T	101267977	T	C	-0.006712799146771431
1	chr1:102706427:G:A	102706427	A	G	-0.005415433277375996
1	chr1:111482459:A:G	111482459	G	A	-0.006979751838371157
1	chr1:115048437:T:C	115048437	C	T	0.00868400749284774
1	chr1:118786412:G:A	118786412	A	G	-0.005150383221916854
1	chr1:147546591:G:A	147546591	A	G	-0.0042401520488783715
1	chr1:150251737:T:C	150251737	C	T	0.005673659280873835
1	chr1:150876627:C:A	150876627	A	C	-0.004277214431203902
1	chr1:152409586:C:T	152409586	T	C	-0.001299026175402105
1	chr1:152565478:G:A	152565478	A	G	-0.004647987796925008
1	chr1:154859814:C:T	154859814	T	C	-0.009943612082861365
1	chr1:156250265:T:C	156250265	C	T	-0.006682315990328789
1	chr1:157568935:G:A	157568935	A	G	0.0015355013543739914
1	chr1:158288048:A:C	158288048	C	A	-0.007450035642832518
1	chr1:160438050:C:T	160438050	T	C	-0.009792584860697388
1	chr1:162386697:G:T	162386697	T	G	-0.004264449616894126
1	chr1:168772580:T:C	168772580	C	T	-0.005332695445977151
1	chr1:168987546:C:A	168987546	A	C	0.005964662274345755
1	chr1:169118894:T:C	169118894	C	T	-0.004692953578196466
1	chr1:173193079:T:C	173193079	C	T	2.3557692766189574e-4
1	chr1:174224564:T:C	174224564	C	T	0.00472660053987056
1	chr1:177040284:G:A	177040284	A	G	0.006931337174028158
1	chr1:177161319:C:T	177161319	T	C	0.009218447878956794
1	chr1:177196010:C:T	177196010	T	C	0.003229857822880149
1	chr1:179742514:T:G	179742514	G	T	0.006226558536291123
1	chr1:182255655:G:A	182255655	A	G	0.0050140279019251464
1	chr1:183819436:A:G	183819436	G	A	-0.007383897742256522
1	chr1:185317057:G:A	185317057	A	G	0.008714596461504697
1	chr1:185362065:G:A	185362065	A	G	-0.0013602476054802538
1	chr1:186198801:T:C	186198801	C	T	0.006158700548112393
1	chr1:186654874:A:C	186654874	C	A	0.003410335537046194
1	chr1:186683262:C:T	186683262	T	C	-0.0016527165751904248
1	chr1:188151783:A:G	188151783	G	A	0.005702250078320504
1	chr1:190736430:T:C	190736430	C	T	0.0016797945043072104
1	chr1:191585059:T:C	191585059	C	T	0.0033429832849651577
1	chr1:196918327:G:A	196918327	A	G	0.007132909819483757
1	chr1:201116868:A:G	201116868	G	A	-0.007997506237588823
1	chr1:202633069:C:T	202633069	T	C	0.004146018903702498
1	chr1:202826703:G:A	202826703	A	G	-0.004895550347864628
1	chr1:202914935:C:T	202914935	T	C	0.003407234693877399
1	chr1:205050932:G:T	205050932	T	G	0.00606546098832041
1	chr1:208370217:C:T	208370217	T	C	-0.0012262254254892468
1	chr1:209003743:A:G	209003743	G	A	0.007661407310515642
1	chr1:209289460:T:C	209289460	C	T	8.884687349200249e-4
1	chr1:209470071:C:T	209470071	T	C	0.004000371140427887
1	chr1:211742800:C:T	211742800	T	C	-0.006414907053112984
1	chr1:213429945:T:C	213429945	C	T	0.004629148170351982
1	chr1:214917900:C:T	214917900	T	C	-0.004245276073925197
1	chr1:215085259:G:T	215085259	T	G	-0.004368286244571209
1	chr1:218963794:G:A	218963794	A	G	-0.006118894093669951
1	chr1:219709486:C:T	219709486	T	C	0.006947270892560482
1	chr1:219958122:G:A	219958122	A	G	0.002126542683690786
1	chr1:221678081:G:A	221678081	A	G	0.008626602115109563
1	chr1:222071916:A:G	222071916	G	A	-0.002375615076161921
1	chr1:230733891:G:A	230733891	A	G	0.003471007300540805
1	chr1:232620280:T:C	232620280	C	T	0.007397237322293222
1	chr1:233127892:A:G	233127892	G	A	0.0019653665320947767
1	chr1:233428252:C:T	233428252	T	C	0.007603326146490872
1	chr1:233500306:G:A	233500306	A	G	-1.9413648173213004e-4
1	chr1:234281877:G:A	234281877	A	G	0.004502184810116887
1	chr1:241343947:G:A	241343947	A	G	0.00478702291380614
1	chr1:245622206:T:C	245622206	C	T	0.0017784300586208702
1	chr1:248285008:T:C	248285008	C	T	0.006110815601423383
