1	chr1:15079411:A:G	15079411	G	A	-7.405822e-5
1	chr1:234281877:G:A	234281877	A	G	-7.593154e-8
1	chr1:13914201:C:T	13914201	T	C	2.093667e-5
1	chr1:182255655:G:A	182255655	A	G	4.246757e-5
1	chr1:72243359:G:A	72243359	A	G	-4.059257e-5
1	chr1:147546591:G:A	147546591	A	G	-2.587036e-5
1	chr1:150876627:C:A	150876627	A	C	-9.289568e-5
1	chr1:38035515:C:T	38035515	T	C	5.716939e-6
1	chr1:214917900:C:T	214917900	T	C	2.674338e-5
1	chr1:169118894:T:C	169118894	C	T	1.499438e-5
1	chr1:156250265:T:C	156250265	C	T	3.928507e-6
1	chr1:101267977:C:T	101267977	T	C	3.611001e-6
1	chr1:162386697:G:T	162386697	T	G	1.149783e-5
1	chr1:173193079:T:C	173193079	C	T	-1.410503e-6
1	chr1:40456705:C:T	40456705	T	C	1.309274e-5
1	chr1:75575432:G:A	75575432	A	G	-3.277771e-5
1	chr1:157568935:G:A	157568935	A	G	-2.757689e-5
1	chr1:46341031:A:G	46341031	G	A	1.871649e-6
1	chr1:29759840:T:G	29759840	G	T	-3.83432e-5
1	chr1:37422144:G:A	37422144	A	G	-2.21651e-6
1	chr1:55856116:A:G	55856116	G	A	5.412805e-5
1	chr1:61105720:T:C	61105720	C	T	5.299244e-5
1	chr1:64075861:G:A	64075861	A	G	-2.033012e-5
1	chr1:65413569:A:G	65413569	G	A	-1.6648840000000002e-05
1	chr1:70029794:G:A	70029794	A	G	-6.857454e-5
1	chr1:77272697:G:T	77272697	T	G	-3.254693e-4
1	chr1:77260556:C:T	77260556	T	C	-6.47909e-5
1	chr1:77303093:A:G	77303093	G	A	3.804617e-8
1	chr1:81627417:A:C	81627417	C	A	1.062067e-4
1	chr1:84842379:C:T	84842379	T	C	-1.19403e-4
1	chr1:94424862:G:T	94424862	T	G	-1.316714e-4
1	chr1:102706427:G:A	102706427	A	G	1.119402e-4
1	chr1:118786412:G:A	118786412	A	G	2.379636e-5
1	chr1:183819436:A:G	183819436	G	A	-1.838666e-5
1	chr1:196918327:G:A	196918327	A	G	4.428918e-5
1	chr1:201116868:A:G	201116868	G	A	9.807983e-6
1	chr1:202633069:C:T	202633069	T	C	3.518537e-5
1	chr1:209289460:T:C	209289460	C	T	-7.717349e-6
1	chr1:211742800:C:T	211742800	T	C	-1.803311e-4
1	chr1:218963794:G:A	218963794	A	G	-4.151456e-5
1	chr1:219709486:C:T	219709486	T	C	4.012678e-5
1	chr1:230733891:G:A	230733891	A	G	8.149611e-5
1	chr1:232620280:T:C	232620280	C	T	-1.012167e-4
1	chr1:76633553:G:A	76633553	A	G	-9.259105e-5
1	chr1:179742514:T:G	179742514	G	T	-2.6719e-5
1	chr1:115048437:T:C	115048437	C	T	1.392332e-5
1	chr1:154859814:C:T	154859814	T	C	-8.191496e-7
1	chr1:95244773:A:G	95244773	G	A	2.49397e-5
1	chr1:19260077:T:C	19260077	C	T	-7.970945e-5
1	chr1:6221317:C:T	6221317	T	C	5.632949e-6
1	chr1:185317057:G:A	185317057	A	G	-1.032603e-4
1	chr1:92046822:A:G	92046822	G	A	-2.181299e-6
1	chr1:185362065:G:A	185362065	A	G	-2.499246e-5
1	chr1:186198801:T:C	186198801	C	T	1.320404e-5
1	chr1:202826703:G:A	202826703	A	G	4.024065e-5
1	chr1:245622206:T:C	245622206	C	T	5.087596e-6
1	chr1:208370217:C:T	208370217	T	C	-8.896878e-7
1	chr1:91730044:G:A	91730044	A	G	2.464504e-6
1	chr1:55524077:T:C	55524077	C	T	-4.272716e-5
1	chr1:25012729:G:A	25012729	A	G	3.395898e-5
1	chr1:158288048:A:C	158288048	C	A	-6.225874e-5
1	chr1:177161319:C:T	177161319	T	C	1.542879e-5
1	chr1:20657370:C:A	20657370	A	C	4.576205e-5
1	chr1:168772580:T:C	168772580	C	T	-2.803681e-5
1	chr1:168987546:C:A	168987546	A	C	3.735526e-5
1	chr1:202914935:C:T	202914935	T	C	2.585492e-6
1	chr1:190736430:T:C	190736430	C	T	3.627064e-6
1	chr1:191585059:T:C	191585059	C	T	2.108637e-5
1	chr1:241343947:G:A	241343947	A	G	2.187765e-5
1	chr1:16054087:C:T	16054087	T	C	-8.713768e-6
1	chr1:111482459:A:G	111482459	G	A	-2.151409e-5
1	chr1:219958122:G:A	219958122	A	G	-1.018581e-5
1	chr1:221678081:G:A	221678081	A	G	1.994739e-5
1	chr1:222071916:A:G	222071916	G	A	1.088074e-5
1	chr1:209003743:A:G	209003743	G	A	1.338561e-5
1	chr1:209470071:C:T	209470071	T	C	-4.259896e-6
1	chr1:213429945:T:C	213429945	C	T	-4.022307e-5
1	chr1:215085259:G:T	215085259	T	G	3.409679e-5
1	chr1:6441736:T:C	6441736	C	T	-1.389506e-5
1	chr1:99716895:T:G	99716895	G	T	-7.628243e-5
1	chr1:248285008:T:C	248285008	C	T	-1.511887e-5
1	chr1:152409586:C:T	152409586	T	C	3.413894e-6
1	chr1:152565478:G:A	152565478	A	G	-1.370543e-5
1	chr1:150251737:T:C	150251737	C	T	5.037234e-6
1	chr1:55464789:G:A	55464789	A	G	-9.560185e-6
1	chr1:70350880:A:G	70350880	G	A	-3.519021e-8
1	chr1:70607853:G:T	70607853	T	G	2.482167e-8
1	chr1:71579943:T:C	71579943	C	T	-1.92395e-5
1	chr1:43252407:A:G	43252407	G	A	1.10971e-5
1	chr1:205050932:G:T	205050932	T	G	-2.117676e-5
1	chr1:160438050:C:T	160438050	T	C	7.907587e-6
1	chr1:233428252:C:T	233428252	T	C	-6.998921e-5
1	chr1:233500306:G:A	233500306	A	G	1.955327e-5
1	chr1:233127892:A:G	233127892	G	A	4.589482e-5
1	chr1:186654874:A:C	186654874	C	A	4.979742e-5
1	chr1:186683262:C:T	186683262	T	C	6.429243e-5
1	chr1:188151783:A:G	188151783	G	A	1.442504e-5
1	chr1:174224564:T:C	174224564	C	T	-1.635171e-4
1	chr1:177040284:G:A	177040284	A	G	-3.14783e-6
1	chr1:177196010:C:T	177196010	T	C	5.73882e-6
